URL,Last crawled
https://movingagain.com.au/backloading/,2025-12-23
https://cartransport.movingagain.com.au/perth-to-wickham/,2025-12-23
https://cartransport.movingagain.com.au/rockhampton-gold-coast/,2025-12-23
https://cartransport.movingagain.com.au/perth-whyalla/,2025-12-23
https://cartransport.movingagain.com.au/canberra-to-bomaderry/,2025-12-23
https://cartransport.movingagain.com.au/geraldton-broome/,2025-12-23
https://cartransport.movingagain.com.au/brisbane-to-tweed-heads/,2025-12-23
https://cartransport.movingagain.com.au/perth-devonport/,2025-12-23
https://cartransport.movingagain.com.au/brisbane-to-gatton/,2025-12-23
https://cartransport.movingagain.com.au/hobart-to-alice-springs/,2025-12-23
https://movingagain.com.au/melbourne-ballarat/,2025-12-23
https://removalistquotes.movingagain.com.au/,2025-12-22
https://movingagain.com.au/mackay/,2025-12-22
https://movingagain.com.au/gold-coast-bendigo/,2025-12-22
https://cartransport.movingagain.com.au/rockhampton-maroochydore/,2025-12-22
https://movingagain.com.au/toowoomba-melbourne/,2025-12-22
https://cartransport.movingagain.com.au/brisbane-to-geeveston/,2025-12-22
https://movingagain.com.au/toowoomba-mackay/,2025-12-22
https://cartransport.movingagain.com.au/brisbane-to-taree/,2025-12-22
https://cartransport.movingagain.com.au/canberra-to-taree/,2025-12-22
https://movingagain.com.au/contact-moving-again/,2025-12-22
https://cartransport.movingagain.com.au/perth-kununurra/,2025-12-22
https://movingagain.com.au/ballarat-canberra/,2025-12-22
https://movingagain.com.au/melbourne-wollongong/,2025-12-22
https://movingagain.com.au/gold-coast-adelaide/,2025-12-22
https://cartransport.movingagain.com.au/townsville-brisbane/,2025-12-22
https://cartransport.movingagain.com.au/perth-to-launceston/,2025-12-22
https://cartransport.movingagain.com.au/hobart-to-orange/,2025-12-22
https://movingagain.com.au/darwin-brisbane/,2025-12-22
https://cartransport.movingagain.com.au/canberra-to-ararat/,2025-12-22
https://movingagain.com.au/perth-gold-coast/,2025-12-22
https://movingagain.com.au/backloading-quotes/,2025-12-21
https://movingagain.com.au/townsville-brisbane/,2025-12-21
https://movingagain.com.au/townsville-canberra/,2025-12-21
https://movingagain.com.au/perth-mandurah/,2025-12-21
https://movingagain.com.au/moving-home-with-children/,2025-12-21
https://movingagain.com.au/ballarat-launceston/,2025-12-21
https://movingagain.com.au/darwin-melbourne/,2025-12-21
https://movingagain.com.au/toowoomba-brisbane/,2025-12-21
https://movingagain.com.au/perth-bendigo/,2025-12-21
https://movingagain.com.au/rockingham-canberra/,2025-12-21
https://movingagain.com.au/geelong-adelaide/,2025-12-21
https://movingagain.com.au/bendigo-mandurah/,2025-12-21
https://movingagain.com.au/adelaide-canberra/,2025-12-21
https://movingagain.com.au/cairns-townsville/,2025-12-21
https://cartransport.movingagain.com.au/brisbane-to-waroona/,2025-12-21
https://movingagain.com.au/ballarat-perth/,2025-12-21
https://cartransport.movingagain.com.au/mareeba-brisbane/,2025-12-21
https://cartransport.movingagain.com.au/adelaide-to-ballarat/,2025-12-21
https://cartransport.movingagain.com.au/brisbane-to-forster/,2025-12-21
https://movingagain.com.au/perth-bunbury/,2025-12-21
https://movingagain.com.au/mackay-gold-coast/,2025-12-21
https://movingagain.com.au/sydney-bunbury/,2025-12-21
https://movingagain.com.au/cairns-bundaberg/,2025-12-21
https://cartransport.movingagain.com.au/perth-to-katherine/,2025-12-20
https://movingagain.com.au/bundaberg-bendigo/,2025-12-20
https://cartransport.movingagain.com.au/katherine-wagga/,2025-12-20
https://cartransport.movingagain.com.au/canberra-townsville/,2025-12-20
https://cartransport.movingagain.com.au/sydney-to-taree/,2025-12-20
https://cartransport.movingagain.com.au/longreach-brisbane/,2025-12-20
https://cartransport.movingagain.com.au/orange-coffs-harbour/,2025-12-19
https://cartransport.movingagain.com.au/brisbane-to-bendigo/,2025-12-19
https://cartransport.movingagain.com.au/sydney-to-tweed-heads/,2025-12-19
https://cartransport.movingagain.com.au/mount-isa-atherton/,2025-12-19
https://movingagain.com.au/darwin-mackay/,2025-12-19
https://movingagain.com.au/townsville-hobart/,2025-12-19
https://movingagain.com.au/bendigo-adelaide/,2025-12-19
https://movingagain.com.au/perth-melbourne/,2025-12-19
https://cartransport.movingagain.com.au/perth-to-gold-coast/,2025-12-19
https://cartransport.movingagain.com.au/brisbane-to-nowra/,2025-12-19
https://movingagain.com.au/canberra-adelaide/,2025-12-19
https://cartransport.movingagain.com.au/maryborough-sydney/,2025-12-19
https://movingagain.com.au/,2025-12-19
https://cartransport.movingagain.com.au/atherton-broome/,2025-12-18
https://cartransport.movingagain.com.au/mackay-port-hedland/,2025-12-18
https://movingagain.com.au/moving-again-reviews-from-customer/,2025-12-18
https://movingagain.com.au/hobart-launceston/,2025-12-18
https://cartransport.movingagain.com.au/broome-brisbane/,2025-12-18
https://movingagain.com.au/canberra-mandurah/,2025-12-18
https://cartransport.movingagain.com.au/,2025-12-18
https://movingagain.com.au/rockingham-bunbury/,2025-12-18
https://cartransport.movingagain.com.au/gympie-cairns/,2025-12-18
https://cartransport.movingagain.com.au/adelaide-to-singleton/,2025-12-17
https://movingagain.com.au/moving-home-tips/,2025-12-17
https://movingagain.com.au/how-to-pack-moving-boxes-which-ones-to-use/,2025-12-17
https://movingagain.com.au/furniture-removal-inventory-list/,2025-12-17
https://movingagain.com.au/hobart-townsville/,2025-12-17
https://movingagain.com.au/sydney-hobart/,2025-12-17
https://movingagain.com.au/launceston-melbourne/,2025-12-17
https://movingagain.com.au/sydney-bundaberg/,2025-12-17
https://movingagain.com.au/bendigo-geelong/,2025-12-17
https://movingagain.com.au/bunbury-launceston/,2025-12-17
https://movingagain.com.au/darwin-geelong/,2025-12-17
https://movingagain.com.au/bundaberg-gold-coast/,2025-12-17
https://movingagain.com.au/brisbane-canberra/,2025-12-17
https://movingagain.com.au/hobart-gold-coast/,2025-12-17
https://movingagain.com.au/adelaide-bunbury/,2025-12-17
https://movingagain.com.au/bunbury/,2025-12-17
https://cartransport.movingagain.com.au/hervey-bay-emerald/,2025-12-17
https://movingagain.com.au/hobart-melbourne/,2025-12-17
https://movingagain.com.au/townsville-toowoomba/,2025-12-17
https://movingagain.com.au/gold-coast-toowoomba/,2025-12-17
https://movingagain.com.au/geelong-brisbane/,2025-12-17
https://movingagain.com.au/sydney-mackay/,2025-12-16
https://movingagain.com.au/ballarat-mackay/,2025-12-16
https://movingagain.com.au/melbourne-newcastle/,2025-12-16
https://movingagain.com.au/sydney-gold-coast/,2025-12-16
https://movingagain.com.au/cairns-toowoomba/,2025-12-16
https://movingagain.com.au/cairns-perth/,2025-12-16
https://movingagain.com.au/wollongong-brisbane/,2025-12-16
https://cartransport.movingagain.com.au/perth-to-warwick/,2025-12-16
https://cartransport.movingagain.com.au/hobart-to-ballina/,2025-12-16
https://movingagain.com.au/terms-and-conditions-of-booking-with-moving-again/,2025-12-16
https://movingagain.com.au/darwin-perth/,2025-12-16
https://movingagain.com.au/darwin-launceston/,2025-12-16
https://cartransport.movingagain.com.au/melbourne-to-gisborne/,2025-12-16
https://movingagain.com.au/newcastle-cairns/,2025-12-16
https://movingagain.com.au/perth-sydney/,2025-12-16
https://movingagain.com.au/ballarat-melbourne/,2025-12-16
https://movingagain.com.au/canberra-ballarat/,2025-12-16
https://cartransport.movingagain.com.au/burnie-adelaide/,2025-12-16
https://movingagain.com.au/moving-interstate/,2025-12-16
https://www.cartransport.movingagain.com.au/brisbane-to-gosford/,2025-12-15
https://movingagain.com.au/moving-pot-plants-interstate/,2025-12-15
https://movingagain.com.au/questions-on-moving/,2025-12-15
https://movingagain.com.au/bunbury-bundaberg/,2025-12-14
https://movingagain.com.au/removalist-quotes/,2025-12-14
https://movingagain.com.au/toowoomba/,2025-12-13
https://cartransport.movingagain.com.au/sydney-to-kununurra/,2025-12-13
https://cartransport.movingagain.com.au/sydney-to-queenstown/,2025-12-13
https://movingagain.com.au/brisbane-melbourne/,2025-12-13
https://carquotes.movingagain.com.au/non-drivable-vehicle-quotes/step1?utm_campaign=astro&utm_source=moving-again&utm_term=perth-to-adelaide,2025-12-12
https://cartransport.movingagain.com.au/brisbane-to-bowral/,2025-12-12
https://cartransport.movingagain.com.au/darwin-to-maitland/,2025-12-12
https://movingagain.com.au/townsville-perth/,2025-12-12
https://movingagain.com.au/geelong-ballarat/,2025-12-12
https://movingagain.com.au/mackay-geelong/,2025-12-11
https://movingagain.com.au/gold-coast-mackay/,2025-12-11
https://movingagain.com.au/bendigo/,2025-12-11
https://movingagain.com.au/what-is-the-cheapest-way-to-move-interstate/,2025-12-11
https://movingagain.com.au/adelaide-bundaberg/,2025-12-11
https://movingagain.com.au/perth-ballarat/,2025-12-11
https://movingagain.com.au/adelaide-mandurah/,2025-12-11
https://movingagain.com.au/toowoomba-cairns/,2025-12-11
https://movingagain.com.au/adelaide-perth/,2025-12-11
https://movingagain.com.au/sydney-townsville/,2025-12-11
https://movingagain.com.au/how-many-boxes-do-i-need-for-my-move/,2025-12-11
https://movingagain.com.au/brisbane/,2025-12-11
https://www.cartransport.movingagain.com.au/canberra-to-sunshine-coast/,2025-12-11
https://movingagain.com.au/gold-coast-launceston/,2025-12-11
https://www.cartransport.movingagain.com.au/darwin-to-ocean-grove-barwon-heads/,2025-12-11
https://movingagain.com.au/mackay-launceston/,2025-12-11
https://www.cartransport.movingagain.com.au/darwin-to-renmark/,2025-12-11
https://www.cartransport.movingagain.com.au/blackwater-yeppoon/,2025-12-10
https://cartransport.movingagain.com.au/gold-coast-emerald/,2025-12-10
https://movingagain.com.au/bundaberg-ballarat/,2025-12-10
https://movingagain.com.au/darwin-bendigo/,2025-12-10
https://movingagain.com.au/brisbane-townsville/,2025-12-10
https://movingagain.com.au/removalists-brisbane-perth-how-is-it-done/,2025-12-10
https://cartransport.movingagain.com.au/toowoomba-caloundra/,2025-12-10
https://movingagain.com.au/townsville/,2025-12-09
https://movingagain.com.au/melbourne-darwin/,2025-12-09
https://cartransport.movingagain.com.au/hobart-to-leongatha/,2025-12-09
https://movingagain.com.au/geelong-canberra/,2025-12-09
https://cartransport.movingagain.com.au/brisbane-canberra/,2025-12-09
https://cartransport.movingagain.com.au/longreach-alice/,2025-12-09
https://cartransport.movingagain.com.au/darwin-to-geraldton/,2025-12-09
https://www.cartransport.movingagain.com.au/caloundra-bowen/,2025-12-09
https://cartransport.movingagain.com.au/perth-to-traralgon/,2025-12-08
https://cartransport.movingagain.com.au/perth-to-mackay/,2025-12-08
https://cartransport.movingagain.com.au/darwin-to-kwinana/,2025-12-08
https://cartransport.movingagain.com.au/brisbane-to-hobart/,2025-12-08
https://cartransport.movingagain.com.au/adelaide-to-hobart/,2025-12-08
https://cartransport.movingagain.com.au/moranbah-bowen/,2025-12-08
https://cartransport.movingagain.com.au/bundaberg-biloela/,2025-12-08
https://cartransport.movingagain.com.au/adelaide-to-goulburn/,2025-12-08
https://cartransport.movingagain.com.au/orange-canberra/,2025-12-08
https://cartransport.movingagain.com.au/darwin-to-two-rocks/,2025-12-08
https://cartransport.movingagain.com.au/toowoomba-blackwater/,2025-12-08
https://cartransport.movingagain.com.au/port-hedland-geraldton/,2025-12-08
https://cartransport.movingagain.com.au/melbourne-to-yarrawonga/,2025-12-08
https://cartransport.movingagain.com.au/adelaide-to-charters-towers/,2025-12-08
https://movingagain.com.au/gold-coast-geelong/,2025-12-08
https://cartransport.movingagain.com.au/brisbane-tennant-creek/,2025-12-07
https://movingagain.com.au/bunbury-mandurah/,2025-12-07
https://cartransport.movingagain.com.au/rockhampton-biloela/,2025-12-07
https://cartransport.movingagain.com.au/hobart-to-nhulunbuy/,2025-12-07
https://cartransport.movingagain.com.au/brisbane-to-cairns/,2025-12-07
https://cartransport.movingagain.com.au/brisbane-to-redcliffe/,2025-12-07
https://cartransport.movingagain.com.au/perth-to-perth/,2025-12-07
https://cartransport.movingagain.com.au/sydney-to-albany/,2025-12-07
https://cartransport.movingagain.com.au/brisbane-to-batemans-bay/,2025-12-07
https://cartransport.movingagain.com.au/devonport-caloundra/,2025-12-07
https://cartransport.movingagain.com.au/brisbane-to-kingaroy/,2025-12-07
https://movingagain.com.au/brisbane-perth/,2025-12-07
https://cartransport.movingagain.com.au/canberra-to-coffs-harbour/,2025-12-07
https://cartransport.movingagain.com.au/bunbury-mackay/,2025-12-07
https://cartransport.movingagain.com.au/melbourne-to-stieglitz/,2025-12-07
https://cartransport.movingagain.com.au/melbourne-to-tannum-sands/,2025-12-07
https://cartransport.movingagain.com.au/emerald-port-hedland/,2025-12-07
https://movingagain.com.au/gold-coast-logan-city/,2025-12-07
https://movingagain.com.au/adelaide-brisbane/,2025-12-07
https://cartransport.movingagain.com.au/maroochydore-longreach/,2025-12-07
https://cartransport.movingagain.com.au/brisbane-to-broken-hill/,2025-12-07
https://movingagain.com.au/newcastle-bundaberg/,2025-12-06
https://cartransport.movingagain.com.au/brisbane-to-goulburn/,2025-12-06
https://www.cartransport.movingagain.com.au/ayr-coffs-harbour/,2025-12-06
https://cartransport.movingagain.com.au/orange-port-augusta/,2025-12-06
https://cartransport.movingagain.com.au/melbourne-to-port-hedland/,2025-12-06
https://cartransport.movingagain.com.au/perth-to-bridgetown/,2025-12-06
https://cartransport.movingagain.com.au/adelaide-to-bendigo/,2025-12-06
https://cartransport.movingagain.com.au/kununurra-adelaide/,2025-12-06
https://cartransport.movingagain.com.au/perth-to-mundaring-4/,2025-12-06
https://cartransport.movingagain.com.au/darwin-to-port-lincoln/,2025-12-06
https://cartransport.movingagain.com.au/gosford-rockhampton/,2025-12-06
https://movingagain.com.au/hobart-ballarat/,2025-12-06
https://cartransport.movingagain.com.au/adelaide-mount-isa/,2025-12-05
https://cartransport.movingagain.com.au/canberra-to-innisfail/,2025-12-05
https://cartransport.movingagain.com.au/canberra-to-central-coast/,2025-12-05
https://cartransport.movingagain.com.au/adelaide-to-carnarvon/,2025-12-05
https://movingagain.com.au/logan-city-mackay/,2025-12-05
https://cartransport.movingagain.com.au/darwin-kununurra/,2025-12-05
https://movingagain.com.au/darwin-cairns/,2025-12-05
https://cartransport.movingagain.com.au/canberra-mareeba/,2025-12-05
https://cartransport.movingagain.com.au/perth-to-fitzroy-crossing/,2025-12-05
https://movingagain.com.au/perth/,2025-12-05
https://movingagain.com.au/mackay-perth/,2025-12-05
https://cartransport.movingagain.com.au/brisbane-to-milingimbi/,2025-12-05
https://cartransport.movingagain.com.au/darwin-to-atherton/,2025-12-05
https://www.cartransport.movingagain.com.au/kununurra-geraldton/,2025-12-05
https://www.cartransport.movingagain.com.au/canberra-to-queanbeyan/,2025-12-05
https://www.cartransport.movingagain.com.au/perth-to-currie/,2025-12-05
https://www.cartransport.movingagain.com.au/gladston-brisbane/,2025-12-05
https://vehicles.movingagain.com.au/login,2025-12-04
https://movingagain.com.au/brisbane-bundaberg/,2025-12-04
https://cartransport.movingagain.com.au/adelaide-to-dalby/,2025-12-04
https://cartransport.movingagain.com.au/hervey-bay-cairns/,2025-12-04
https://www.cartransport.movingagain.com.au/brisbane-to-waroona/,2025-12-04
https://cartransport.movingagain.com.au/melbourne-to-melbourne/,2025-12-04
https://movingagain.com.au/interstate-removalists/,2025-12-04
https://cartransport.movingagain.com.au/brisbane-to-ballina/,2025-12-04
https://cartransport.movingagain.com.au/mareeba-ayr/,2025-12-04
https://cartransport.movingagain.com.au/canberra-to-port-macquarie/,2025-12-04
https://cartransport.movingagain.com.au/perth-bunbury/,2025-12-04
https://cartransport.movingagain.com.au/sydney-to-esperance/,2025-12-04
https://cartransport.movingagain.com.au/darwin-to-muswellbrook/,2025-12-04
https://cartransport.movingagain.com.au/brisbane-to-mount-isa/,2025-12-03
https://www.cartransport.movingagain.com.au/melbourne-to-waroona/,2025-12-03
https://www.cartransport.movingagain.com.au/alice-port-augusta/,2025-12-03
https://movingagain.com.au/sydney-toowoomba/,2025-12-03
https://cartransport.movingagain.com.au/toowoomba-gold-coast/,2025-12-03
https://cartransport.movingagain.com.au/biloela-airlie-beach/,2025-12-03
https://cartransport.movingagain.com.au/mackay-wagga/,2025-12-03
https://cartransport.movingagain.com.au/melbourne-to-armidale/,2025-12-03
https://cartransport.movingagain.com.au/brisbane-yeppoon/,2025-12-03
https://cartransport.movingagain.com.au/wollongong-kalgoorlie/,2025-12-03
http://cartransport.movingagain.com.au/charters-towers-newcastle/,2025-12-03
https://cartransport.movingagain.com.au/brisbane-bowen/,2025-12-03
https://movingagain.com.au/townsville-gold-coast/,2025-12-03
https://cartransport.movingagain.com.au/sydney-to-inverell/,2025-12-03
https://cartransport.movingagain.com.au/bowen-perth/,2025-12-03
https://cartransport.movingagain.com.au/hobart-to-dampier/,2025-12-03
https://cartransport.movingagain.com.au/canberra-to-roxby-downs/,2025-12-03
https://cartransport.movingagain.com.au/adelaide-to-port-augusta/,2025-12-03
https://cartransport.movingagain.com.au/sydney-to-sydney/,2025-12-03
https://cartransport.movingagain.com.au/brisbane-katherine/,2025-12-03
https://cartransport.movingagain.com.au/brisbane-to-sale/,2025-12-03
https://movingagain.com.au/melbourne-townsville/,2025-12-03
http://cartransport.movingagain.com.au/brisbane-to-coffs-harbour/,2025-12-03
https://cartransport.movingagain.com.au/brisbane-to-coffs-harbour/,2025-12-03
https://cartransport.movingagain.com.au/melbourne-to-jimboomba/,2025-12-03
https://cartransport.movingagain.com.au/sydney-bunbury/,2025-12-03
https://cartransport.movingagain.com.au/tamworth-toowoomba/,2025-12-03
https://cartransport.movingagain.com.au/charters-towers-darby/,2025-12-03
https://cartransport.movingagain.com.au/perth-to-sunshine-coast/,2025-12-03
https://cartransport.movingagain.com.au/port-lincoln-mount-gambier/,2025-12-03
https://cartransport.movingagain.com.au/canberra-maroochydore/,2025-12-03
https://cartransport.movingagain.com.au/melbourne-to-batemans-bay/,2025-12-03
https://cartransport.movingagain.com.au/perth-to-millicent/,2025-12-03
https://cartransport.movingagain.com.au/hervey-bay-coffs-harbour/,2025-12-03
https://cartransport.movingagain.com.au/perth-to-dongara/,2025-12-03
https://movingagain.com.au/canberra-geelong/,2025-12-03
https://cartransport.movingagain.com.au/toowoomba-maryborough/,2025-12-03
https://cartransport.movingagain.com.au/brisbane-darwin/,2025-12-03
https://cartransport.movingagain.com.au/melbourne-to-redcliffe/,2025-12-03
https://cartransport.movingagain.com.au/hobart-to-kingston/,2025-12-03
https://cartransport.movingagain.com.au/sydney-to-karratha/,2025-12-03
https://cartransport.movingagain.com.au/charters-towers-gosford/,2025-12-03
https://cartransport.movingagain.com.au/tamworth-canberra/,2025-12-03
https://cartransport.movingagain.com.au/melbourne-to-busselton/,2025-12-03
https://cartransport.movingagain.com.au/darwin-to-toowoomba/,2025-12-03
https://cartransport.movingagain.com.au/darwin-to-alice-springs/,2025-12-03
https://cartransport.movingagain.com.au/canberra-to-goolwa/,2025-12-02
https://cartransport.movingagain.com.au/brisbane-to-port-elliot/,2025-12-02
https://cartransport.movingagain.com.au/townsville-blackwater/,2025-12-02
https://cartransport.movingagain.com.au/mackay-hervey-bay/,2025-12-02
https://cartransport.movingagain.com.au/moranbah-darwin/,2025-12-02
https://cartransport.movingagain.com.au/adelaide-to-bunbury/,2025-12-02
https://cartransport.movingagain.com.au/ayr-tamworth/,2025-12-02
https://cartransport.movingagain.com.au/adelaide-caloundra/,2025-12-02
https://cartransport.movingagain.com.au/emerald-cairns/,2025-12-02
https://cartransport.movingagain.com.au/brisbane/,2025-12-02
https://cartransport.movingagain.com.au/canberra-to-bacchus-marsh/,2025-12-02
https://cartransport.movingagain.com.au/brisbane-ayr/,2025-12-02
https://cartransport.movingagain.com.au/darwin-to-esperance/,2025-12-02
https://cartransport.movingagain.com.au/brisbane-to-berri/,2025-12-02
https://cartransport.movingagain.com.au/hobart-to-darwin/,2025-12-02
https://cartransport.movingagain.com.au/mount-isa-gympie/,2025-12-02
https://cartransport.movingagain.com.au/mackay-newcastle/,2025-12-02
https://cartransport.movingagain.com.au/adelaide-hervey-bay/,2025-12-02
http://cartransport.movingagain.com.au/perth-to-bendigo/,2025-12-02
https://cartransport.movingagain.com.au/brisbane-wollongong/,2025-12-02
https://cartransport.movingagain.com.au/port-augusta-bowen/,2025-12-02
https://cartransport.movingagain.com.au/hervey-bay-airlie-beach/,2025-12-02
https://cartransport.movingagain.com.au/darwin-to-bairnsdale/,2025-12-02
https://cartransport.movingagain.com.au/hobart-brisbane/,2025-12-02
https://cartransport.movingagain.com.au/adelaide-to-cannonvale/,2025-12-02
https://cartransport.movingagain.com.au/cairns-brisbane/,2025-12-02
https://cartransport.movingagain.com.au/gosford-port-lincoln/,2025-12-02
https://cartransport.movingagain.com.au/perth-to-merredin/,2025-12-02
https://cartransport.movingagain.com.au/wagga-port-pirie/,2025-12-02
https://cartransport.movingagain.com.au/perth-to-esperance/,2025-12-02
https://cartransport.movingagain.com.au/melbourne-to-ayr/,2025-12-02
https://cartransport.movingagain.com.au/brisbane-to-grafton/,2025-12-02
https://cartransport.movingagain.com.au/melbourne-to-singleton/,2025-12-02
https://cartransport.movingagain.com.au/adelaide-to-broken-hill/,2025-12-02
https://cartransport.movingagain.com.au/gosford-mount-isa/,2025-12-02
https://cartransport.movingagain.com.au/melbourne-to-karratha/,2025-12-02
https://cartransport.movingagain.com.au/rockhampton-moranbah/,2025-12-02
https://cartransport.movingagain.com.au/mount-isa-darwin/,2025-12-02
https://cartransport.movingagain.com.au/sydney-to-tamworth/,2025-12-02
https://cartransport.movingagain.com.au/hervey-bay-newcastle/,2025-12-02
https://cartransport.movingagain.com.au/atherton-sydney/,2025-12-02
https://cartransport.movingagain.com.au/darwin-to-lismore/,2025-12-02
https://cartransport.movingagain.com.au/adelaide-to-wallaroo/,2025-12-02
https://cartransport.movingagain.com.au/darwin-to-naracoorte/,2025-12-02
https://cartransport.movingagain.com.au/sydney-port-hedland/,2025-12-02
https://movingagain.com.au/townsville-bundaberg/,2025-12-02
https://cartransport.movingagain.com.au/hobart-to-milikapiti-snake-bay/,2025-12-02
https://cartransport.movingagain.com.au/brisbane-to-melbourne/,2025-12-02
https://cartransport.movingagain.com.au/bundaberg-blackwater/,2025-12-02
https://cartransport.movingagain.com.au/adelaide-to-northam/,2025-12-02
https://cartransport.movingagain.com.au/wollongong-bunbury/,2025-12-02
https://cartransport.movingagain.com.au/perth-to-pinjarra/,2025-12-02
https://cartransport.movingagain.com.au/darwin-coffs-harbour/,2025-12-02
https://cartransport.movingagain.com.au/melbourne-to-coffs-harbour/,2025-12-02
https://cartransport.movingagain.com.au/toowoomba-mackay/,2025-12-02
https://cartransport.movingagain.com.au/mount-gambier-adelaide/,2025-12-02
https://cartransport.movingagain.com.au/darwin-to-newcastle/,2025-12-02
https://cartransport.movingagain.com.au/canberra-yeppoon/,2025-12-02
https://cartransport.movingagain.com.au/brisbane-to-gracemere/,2025-12-02
https://cartransport.movingagain.com.au/perth-to-port-douglas/,2025-12-02
https://cartransport.movingagain.com.au/katherine-gosford/,2025-12-02
https://cartransport.movingagain.com.au/brisbane-to-cannonvale/,2025-12-02
https://cartransport.movingagain.com.au/maryborough-cairns/,2025-12-02
https://cartransport.movingagain.com.au/brisbane-to-muswellbrook/,2025-12-02
https://cartransport.movingagain.com.au/moranbah-brisbane/,2025-12-02
https://cartransport.movingagain.com.au/hobart-to-mount-isa/,2025-12-02
https://cartransport.movingagain.com.au/perth-to-carnarvon/,2025-12-02
https://cartransport.movingagain.com.au/gosford-coffs-harbour/,2025-12-02
https://cartransport.movingagain.com.au/sydney-to-gympie/,2025-12-02
https://cartransport.movingagain.com.au/melbourne-to-orange/,2025-12-02
https://cartransport.movingagain.com.au/canberra-to-redcliffe/,2025-12-02
https://cartransport.movingagain.com.au/melbourne-to-townsville/,2025-12-02
https://cartransport.movingagain.com.au/perth-to-nambour/,2025-12-02
https://cartransport.movingagain.com.au/brisbane-to-airlie-beach/,2025-12-02
https://cartransport.movingagain.com.au/sydney-coffs-harbour/,2025-12-02
https://cartransport.movingagain.com.au/adelaide-to-kununurra/,2025-12-02
https://cartransport.movingagain.com.au/melbourne-to-kyabram/,2025-12-02
https://cartransport.movingagain.com.au/perth-to-exmouth/,2025-12-02
https://cartransport.movingagain.com.au/melbourne-to-wodonga/,2025-12-02
https://movingagain.com.au/sydney-darwin/,2025-12-02
https://cartransport.movingagain.com.au/adelaide-to-bordertown/,2025-12-02
https://cartransport.movingagain.com.au/adelaide-to-benalla/,2025-12-02
https://cartransport.movingagain.com.au/katherine-yeppoon/,2025-12-02
https://cartransport.movingagain.com.au/melbourne-to-maryborough/,2025-12-02
https://cartransport.movingagain.com.au/canberra-to-angaston/,2025-12-02
https://cartransport.movingagain.com.au/gympie-perth/,2025-12-02
https://cartransport.movingagain.com.au/melbourne-to-echuca/,2025-12-02
https://cartransport.movingagain.com.au/melbourne-to-hobart/,2025-12-02
https://cartransport.movingagain.com.au/melbourne-to-emerald/,2025-12-02
https://cartransport.movingagain.com.au/sydney-to-ballina/,2025-12-02
https://cartransport.movingagain.com.au/port-hedland-perth/,2025-12-02
https://cartransport.movingagain.com.au/hobart-bundaberg/,2025-12-02
https://cartransport.movingagain.com.au/canberra-to-armidale/,2025-12-02
https://cartransport.movingagain.com.au/coffs-harbour-mount-gambier/,2025-12-02
https://cartransport.movingagain.com.au/darwin-to-dalby/,2025-12-02
https://cartransport.movingagain.com.au/perth-to-geraldton/,2025-12-02
https://cartransport.movingagain.com.au/sydney-to-port-lincoln/,2025-12-02
https://cartransport.movingagain.com.au/bowen-yeppoon/,2025-12-02
https://cartransport.movingagain.com.au/perth-to-port-macquarie/,2025-12-02
https://cartransport.movingagain.com.au/katherine-darwin/,2025-12-02
https://cartransport.movingagain.com.au/brisbane-to-whyalla/,2025-12-02
https://cartransport.movingagain.com.au/canberra-to-ipswich/,2025-12-02
https://cartransport.movingagain.com.au/emerald-bowen/,2025-12-02
https://cartransport.movingagain.com.au/sydney-to-port-augusta/,2025-12-02
https://cartransport.movingagain.com.au/atherton-darwin/,2025-12-02
https://cartransport.movingagain.com.au/brisbane-to-roma/,2025-12-02
https://cartransport.movingagain.com.au/cairns-katherine/,2025-12-02
https://cartransport.movingagain.com.au/townsville-gold-coast/,2025-12-01
https://cartransport.movingagain.com.au/bundaberg-perth/,2025-12-01
https://www.cartransport.movingagain.com.au/darwin-to-ballarat/,2025-12-01
https://cartransport.movingagain.com.au/canberra-to-adelaide/,2025-12-01
https://cartransport.movingagain.com.au/brisbane-to-port-douglas/,2025-12-01
https://cartransport.movingagain.com.au/perth-to-torquay/,2025-12-01
https://cartransport.movingagain.com.au/brisbane-to-margaret-river/,2025-12-01
https://cartransport.movingagain.com.au/katherine-sydney/,2025-12-01
https://cartransport.movingagain.com.au/sydney-to-hervey-bay/,2025-12-01
https://cartransport.movingagain.com.au/port-lincoln-brisbane/,2025-12-01
https://cartransport.movingagain.com.au/adelaide-to-strathalbyn/,2025-12-01
https://cartransport.movingagain.com.au/orange-perth/,2025-12-01
https://movingagain.com.au/townsville-mackay/,2025-12-01
https://movingagain.com.au/perth-mackay/,2025-12-01
https://cartransport.movingagain.com.au/adelaide-maryborough/,2025-12-01
https://movingagain.com.au/adelaide-sydney/,2025-12-01
https://www.cartransport.movingagain.com.au/bunbury-toowoomba/,2025-11-30
https://www.cartransport.movingagain.com.au/coffs-harbour-townsville/,2025-11-30
https://www.cartransport.movingagain.com.au/biloela-newcastle/,2025-11-30
https://www.cartransport.movingagain.com.au/tennant-creek-karathha/,2025-11-30
https://cartransport.movingagain.com.au/sydney-to-morwell/,2025-11-30
https://movingagain.com.au/brisbane-newcastle/,2025-11-30
https://cartransport.movingagain.com.au/adelaide-to-yarrawonga/,2025-11-30
https://cartransport.movingagain.com.au/maryborough-biloela/,2025-11-30
https://cartransport.movingagain.com.au/devonport-adelaide/,2025-11-30
https://cartransport.movingagain.com.au/canberra-to-forster/,2025-11-30
https://cartransport.movingagain.com.au/mount-isa-sydney/,2025-11-30
https://cartransport.movingagain.com.au/hobart-to-beaconsfield/,2025-11-30
https://cartransport.movingagain.com.au/sydney-to-sunshine-coast/,2025-11-30
https://cartransport.movingagain.com.au/mount-isa-cairns/,2025-11-30
https://cartransport.movingagain.com.au/emerald-bundaberg/,2025-11-30
https://cartransport.movingagain.com.au/adelaide-to-tuncurry/,2025-11-30
https://cartransport.movingagain.com.au/melbourne-to-airlie-beach/,2025-11-30
https://cartransport.movingagain.com.au/sydney-to-bomaderry/,2025-11-30
https://cartransport.movingagain.com.au/perth-to-kalgoorlie/,2025-11-30
https://cartransport.movingagain.com.au/sydney-to-ceduna/,2025-11-30
https://cartransport.movingagain.com.au/canberra/,2025-11-30
https://cartransport.movingagain.com.au/adelaide-to-naracoorte/,2025-11-30
https://cartransport.movingagain.com.au/darwin-to-port-keats-wadeye/,2025-11-29
https://cartransport.movingagain.com.au/perth/,2025-11-29
https://cartransport.movingagain.com.au/brisbane-to-ngukurr/,2025-11-29
https://cartransport.movingagain.com.au/melbourne-to-broken-hill/,2025-11-29
https://cartransport.movingagain.com.au/hervey-bay-gold-coast/,2025-11-29
https://cartransport.movingagain.com.au/wollongong-broome/,2025-11-29
https://cartransport.movingagain.com.au/gold-coast-gosford/,2025-11-29
https://cartransport.movingagain.com.au/charters-towers-brisbane/,2025-11-29
https://cartransport.movingagain.com.au/canberra-adelaide/,2025-11-29
https://cartransport.movingagain.com.au/karathha-moranbah/,2025-11-29
https://cartransport.movingagain.com.au/melbourne-to-mandurah/,2025-11-29
https://cartransport.movingagain.com.au/brisbane-perth/,2025-11-29
https://cartransport.movingagain.com.au/canberra-to-perth/,2025-11-29
https://cartransport.movingagain.com.au/darwin-to-angurugu/,2025-11-29
https://cartransport.movingagain.com.au/mount-gambier-townsville/,2025-11-29
https://cartransport.movingagain.com.au/darwin-to-swan-hill/,2025-11-29
https://cartransport.movingagain.com.au/caloundra-cairns/,2025-11-29
https://cartransport.movingagain.com.au/canberra-to-millicent/,2025-11-29
https://cartransport.movingagain.com.au/gold-coast-perth/,2025-11-29
https://cartransport.movingagain.com.au/mareeba-wagga/,2025-11-29
https://cartransport.movingagain.com.au/gold-coast-brisbane/,2025-11-29
https://cartransport.movingagain.com.au/caloundra-gosford/,2025-11-29
https://cartransport.movingagain.com.au/perth-to-grafton/,2025-11-29
https://cartransport.movingagain.com.au/sydney-to-lismore/,2025-11-29
https://cartransport.movingagain.com.au/darwin-to-gracemere/,2025-11-29
https://cartransport.movingagain.com.au/brisbane-to-pakenham/,2025-11-29
https://cartransport.movingagain.com.au/darwin-to-kununurra/,2025-11-29
https://cartransport.movingagain.com.au/devonport-gold-coast/,2025-11-29
https://cartransport.movingagain.com.au/adelaide-atherton/,2025-11-29
https://cartransport.movingagain.com.au/sydney-to-broken-hill/,2025-11-29
https://cartransport.movingagain.com.au/coffs-harbour-mackay/,2025-11-29
https://movingagain.com.au/wollongong/,2025-11-29
https://cartransport.movingagain.com.au/carnarvon-broome/,2025-11-29
https://cartransport.movingagain.com.au/airlie-beach-coffs-harbour/,2025-11-29
https://cartransport.movingagain.com.au/kununurra-geraldton/,2025-11-28
https://cartransport.movingagain.com.au/melbourne-to-moree/,2025-11-28
https://cartransport.movingagain.com.au/melbourne-to-colac/,2025-11-28
https://movingagain.com.au/mackay-canberra/,2025-11-28
https://cartransport.movingagain.com.au/burnie-brisbane/,2025-11-28
https://cartransport.movingagain.com.au/sydney-townsville/,2025-11-28
https://cartransport.movingagain.com.au/cairns-bunbury/,2025-11-28
https://cartransport.movingagain.com.au/hobart-to-ulverstone/,2025-11-28
https://cartransport.movingagain.com.au/airlie-beach-darby/,2025-11-28
https://cartransport.movingagain.com.au/caloundra-brisbane/,2025-11-28
https://cartransport.movingagain.com.au/darwin-adelaide/,2025-11-28
https://cartransport.movingagain.com.au/hobart-to-bowral/,2025-11-28
https://cartransport.movingagain.com.au/adelaide-to-ocean-grove-barwon-heads/,2025-11-28
https://cartransport.movingagain.com.au/adelaide-to-millicent/,2025-11-28
https://movingagain.com.au/bundaberg-newcastle/,2025-11-28
https://cartransport.movingagain.com.au/melbourne-to-nambour/,2025-11-27
https://cartransport.movingagain.com.au/darwin-to-numbulwar/,2025-11-27
https://movingagain.com.au/adelaide-melbourne/,2025-11-27
https://movingagain.com.au/bendigo-melbourne/,2025-11-27
https://cartransport.movingagain.com.au/darwin-to-gapuwiyak/,2025-11-27
https://cartransport.movingagain.com.au/toowoomba-brisbane/,2025-11-27
https://cartransport.movingagain.com.au/longreach-gold-coast/,2025-11-27
https://cartransport.movingagain.com.au/blackwater-atherton/,2025-11-27
https://cartransport.movingagain.com.au/perth-to-yeppoon/,2025-11-27
https://cartransport.movingagain.com.au/port-lincoln-adelaide/,2025-11-26
https://cartransport.movingagain.com.au/perth-to-melbourne/,2025-11-26
https://cartransport.movingagain.com.au/darwin-to-beaudesert/,2025-11-26
https://cartransport.movingagain.com.au/sydney-gosford/,2025-11-26
https://cartransport.movingagain.com.au/cairns-airlie-beach/,2025-11-26
https://cartransport.movingagain.com.au/charters-towers-biloela/,2025-11-26
https://cartransport.movingagain.com.au/perth-to-waikerie/,2025-11-26
https://cartransport.movingagain.com.au/perth-to-hobart/,2025-11-26
https://cartransport.movingagain.com.au/hobart-to-launceston/,2025-11-26
https://cartransport.movingagain.com.au/adelaide-to-port-douglas/,2025-11-26
https://cartransport.movingagain.com.au/broome-adelaide/,2025-11-26
https://cartransport.movingagain.com.au/sydney-to-newcastle/,2025-11-26
https://cartransport.movingagain.com.au/darwin-to-fitzroy-crossing/,2025-11-26
https://cartransport.movingagain.com.au/mackay-gympie/,2025-11-26
https://cartransport.movingagain.com.au/townsville-emerald/,2025-11-26
https://cartransport.movingagain.com.au/sydney-toowoomba/,2025-11-26
https://movingagain.com.au/canberra-newcastle/,2025-11-25
https://cartransport.movingagain.com.au/rockhampton-mount-isa/,2025-11-25
https://cartransport.movingagain.com.au/sydney-to-gold-coast/,2025-11-25
https://movingagain.com.au/brisbane-adelaide/,2025-11-25
https://cartransport.movingagain.com.au/toowoomba-biloela/,2025-11-25
https://cartransport.movingagain.com.au/gold-coast-orange/,2025-11-25
https://movingagain.com.au/bendigo-bundaberg/,2025-11-25
https://movingagain.com.au/bendigo-bunbury/,2025-11-25
https://movingagain.com.au/bendigo-mackay/,2025-11-25
https://cartransport.movingagain.com.au/wagga-perth/,2025-11-25
https://cartransport.movingagain.com.au/brisbane-to-broome/,2025-11-25
https://cartransport.movingagain.com.au/darwin-to-launceston/,2025-11-25
https://cartransport.movingagain.com.au/adelaide-brisbane/,2025-11-25
https://cartransport.movingagain.com.au/ayr-airlie-beach/,2025-11-25
https://cartransport.movingagain.com.au/mareeba-bowen/,2025-11-25
https://movingagain.com.au/darwin-adelaide/,2025-11-25
https://cartransport.movingagain.com.au/kalgoorlie-hervey-bay/,2025-11-25
https://movingagain.com.au/wollongong-canberra/,2025-11-25
https://cartransport.movingagain.com.au/tamworth-bunbury/,2025-11-25
https://cartransport.movingagain.com.au/perth-to-ceduna/,2025-11-25
https://cartransport.movingagain.com.au/brisbane-to-alice-springs/,2025-11-25
https://cartransport.movingagain.com.au/airlie-beach-tennant-creek/,2025-11-25
https://movingagain.com.au/darwin-bunbury/,2025-11-25
https://movingagain.com.au/darwin-ballarat/,2025-11-25
https://movingagain.com.au/gold-coast-perth/,2025-11-24
https://cartransport.movingagain.com.au/perth-to-queanbeyan/,2025-11-24
https://movingagain.com.au/bundaberg/,2025-11-24
https://movingagain.com.au/perth-toowoomba/,2025-11-24
https://movingagain.com.au/mackay-newcastle/,2025-11-24
https://movingagain.com.au/bundaberg-adelaide/,2025-11-24
https://movingagain.com.au/canberra-brisbane/,2025-11-24
https://movingagain.com.au/hobart-perth/,2025-11-24
https://movingagain.com.au/hobart-geelong/,2025-11-24
https://movingagain.com.au/adelaide-townsville/,2025-11-24
https://cartransport.movingagain.com.au/perth-to-hervey-bay/,2025-11-24
https://cartransport.movingagain.com.au/perth-to-busselton/,2025-11-24
https://cartransport.movingagain.com.au/perth-to-geelong/,2025-11-23
https://cartransport.movingagain.com.au/perth-to-tom-price/,2025-11-23
https://cartransport.movingagain.com.au/sydney-to-forster/,2025-11-23
https://movingagain.com.au/bundaberg-brisbane/,2025-11-23
https://cartransport.movingagain.com.au/mackay-brisbane/,2025-11-23
https://cartransport.movingagain.com.au/perth-to-drouin/,2025-11-22
https://movingagain.com.au/launceston-adelaide/,2025-11-22
https://cartransport.movingagain.com.au/emerald-darwin/,2025-11-22
https://movingagain.com.au/canberra-perth/,2025-11-22
https://movingagain.com.au/gold-coast-bundaberg/,2025-11-22
https://cartransport.movingagain.com.au/brisbane-to-stanthorpe/,2025-11-22
https://cartransport.movingagain.com.au/mount-isa-hervey-bay/,2025-11-22
https://cartransport.movingagain.com.au/adelaide-to-pakenham/,2025-11-22
https://movingagain.com.au/rockingham-ballarat/,2025-11-22
https://movingagain.com.au/locating-self-storage-when-moving/,2025-11-22
https://cartransport.movingagain.com.au/port-hedland-kununurra/,2025-11-22
https://cartransport.movingagain.com.au/wagga-newcastle/,2025-11-22
https://www.cartransport.movingagain.com.au/darby-maryborough/,2025-11-22
https://www.cartransport.movingagain.com.au/melbourne-to-gracemere/,2025-11-22
https://cartransport.movingagain.com.au/longreach-sydney/,2025-11-22
https://www.cartransport.movingagain.com.au/adelaide-to-bargara/,2025-11-22
https://cartransport.movingagain.com.au/kalgoorlie-mackay/,2025-11-21
https://cartransport.movingagain.com.au/rockhampton-brisbane/,2025-11-21
https://cartransport.movingagain.com.au/darwin-to-galiwinku/,2025-11-21
https://movingagain.com.au/mackay-adelaide/,2025-11-21
https://www.cartransport.movingagain.com.au/perth-to-nowra/,2025-11-21
https://cartransport.movingagain.com.au/brisbane-to-lismore/,2025-11-21
https://cartransport.movingagain.com.au/sydney-to-albury/,2025-11-21
https://cartransport.movingagain.com.au/bundaberg-gosford/,2025-11-21
https://movingagain.com.au/brisbane-cairns/,2025-11-21
https://www.cartransport.movingagain.com.au/sydney-to-ocean-grove-barwon-heads/,2025-11-21
https://www.cartransport.movingagain.com.au/darwin-bunbury/,2025-11-21
https://cartransport.movingagain.com.au/sydney-to-bowral/,2025-11-21
https://movingagain.com.au/adelaide-bendigo/,2025-11-21
https://movingagain.com.au/wollongong-mandurah/,2025-11-21
https://movingagain.com.au/gold-coast-brisbane/,2025-11-21
https://www.cartransport.movingagain.com.au/hobart-to-wodonga/,2025-11-21
https://movingagain.com.au/canberra-townsville/,2025-11-21
https://movingagain.com.au/bundaberg-perth/,2025-11-21
https://cartransport.movingagain.com.au/melbourne-to-millicent/,2025-11-21
https://movingagain.com.au/melbourne-bunbury/,2025-11-20
https://cartransport.movingagain.com.au/perth-broome/,2025-11-20
https://cartransport.movingagain.com.au/adelaide-to-sydney/,2025-11-20
https://cartransport.movingagain.com.au/geraldton-bunbury/,2025-11-20
https://cartransport.movingagain.com.au/hervey-bay-sydney/,2025-11-20
https://cartransport.movingagain.com.au/darwin-broome/,2025-11-20
https://www.cartransport.movingagain.com.au/canberra-geraldton/,2025-11-20
https://cartransport.movingagain.com.au/airlie-beach-sydney/,2025-11-19
https://www.cartransport.movingagain.com.au/canberra-to-renmark/,2025-11-19
https://cartransport.movingagain.com.au/canberra-to-cairns/,2025-11-19
https://cartransport.movingagain.com.au/sydney-to-horsham/,2025-11-19
https://cartransport.movingagain.com.au/darwin-port-augusta/,2025-11-19
https://cartransport.movingagain.com.au/adelaide-to-gold-coast/,2025-11-19
https://cartransport.movingagain.com.au/port-hedland-adelaide/,2025-11-19
https://movingagain.com.au/logan-city-ballarat/,2025-11-18
https://movingagain.com.au/launceston-darwin/,2025-11-18
https://movingagain.com.au/gold-coast-cairns/,2025-11-18
https://movingagain.com.au/mackay-hobart/,2025-11-18
https://movingagain.com.au/toowoomba-adelaide/,2025-11-18
https://cartransport.movingagain.com.au/sydney-rockhampton/,2025-11-18
https://cartransport.movingagain.com.au/darwin-port-hedland/,2025-11-18
https://cartransport.movingagain.com.au/hobart-to-dongara/,2025-11-18
https://cartransport.movingagain.com.au/perth-to-williamstown/,2025-11-18
https://cartransport.movingagain.com.au/brisbane-to-bairnsdale/,2025-11-18
https://cartransport.movingagain.com.au/sydney-to-lithgow/,2025-11-18
https://cartransport.movingagain.com.au/biloela-yeppoon/,2025-11-18
https://carquotes.movingagain.com.au/standard-vehicle-quotes/step1,2025-11-18
https://www.cartransport.movingagain.com.au/brisbane-to-dunsborough/,2025-11-17
https://www.cartransport.movingagain.com.au/canberra-to-dunsborough/,2025-11-17
https://cartransport.movingagain.com.au/hobart-to-gladstone/,2025-11-17
https://cartransport.movingagain.com.au/maryborough-atherton/,2025-11-17
https://cartransport.movingagain.com.au/adelaide-to-port-macquarie/,2025-11-17
https://cartransport.movingagain.com.au/adelaide-to-goolwa/,2025-11-17
https://cartransport.movingagain.com.au/canberra-to-somerset/,2025-11-17
https://cartransport.movingagain.com.au/darwin-alice/,2025-11-17
https://cartransport.movingagain.com.au/brisbane-to-albury/,2025-11-17
https://cartransport.movingagain.com.au/brisbane-to-hamilton/,2025-11-17
https://cartransport.movingagain.com.au/adelaide-to-albany/,2025-11-17
https://cartransport.movingagain.com.au/kalgoorlie-carnarvon/,2025-11-17
https://cartransport.movingagain.com.au/brisbane-to-exmouth/,2025-11-17
https://cartransport.movingagain.com.au/adelaide-to-hamilton/,2025-11-17
https://cartransport.movingagain.com.au/melbourne-to-seymour/,2025-11-17
https://www.cartransport.movingagain.com.au/kununurra-bunbury/,2025-11-17
https://cartransport.movingagain.com.au/emerald-brisbane/,2025-11-17
https://cartransport.movingagain.com.au/adelaide-to-murray-bridge/,2025-11-17
https://cartransport.movingagain.com.au/darwin-to-gold-coast/,2025-11-17
https://cartransport.movingagain.com.au/darwin-to-moranbah/,2025-11-17
https://cartransport.movingagain.com.au/biloela-atherton/,2025-11-17
https://cartransport.movingagain.com.au/emerald-atherton/,2025-11-17
https://cartransport.movingagain.com.au/adelaide-to-burnie/,2025-11-17
https://cartransport.movingagain.com.au/melbourne-to-castlemaine/,2025-11-17
https://cartransport.movingagain.com.au/tennant-creek-coffs-harbour/,2025-11-17
https://cartransport.movingagain.com.au/newcastle-geraldton/,2025-11-17
https://cartransport.movingagain.com.au/blackwater-darwin/,2025-11-17
https://cartransport.movingagain.com.au/perth-to-armidale/,2025-11-17
https://www.cartransport.movingagain.com.au/adelaide-to-denmark/,2025-11-17
https://cartransport.movingagain.com.au/melbourne-to-angaston/,2025-11-17
https://cartransport.movingagain.com.au/gosford-maroochydore/,2025-11-17
https://cartransport.movingagain.com.au/gosford-bunbury/,2025-11-17
https://www.cartransport.movingagain.com.au/darwin-to-palumpa/,2025-11-17
https://www.cartransport.movingagain.com.au/darwin-geraldton/,2025-11-17
https://www.cartransport.movingagain.com.au/sydney-to-palumpa/,2025-11-17
https://cartransport.movingagain.com.au/sydney-to-castlemaine/,2025-11-17
https://www.cartransport.movingagain.com.au/melbourne-to-ararat/,2025-11-17
https://www.cartransport.movingagain.com.au/sydney-to-ballarat/,2025-11-17
https://www.cartransport.movingagain.com.au/adelaide-to-currie/,2025-11-17
https://www.cartransport.movingagain.com.au/sydney-to-nairne/,2025-11-17
https://www.cartransport.movingagain.com.au/sydney-to-hahndorf/,2025-11-17
https://www.cartransport.movingagain.com.au/brisbane-to-stoneville/,2025-11-17
https://www.cartransport.movingagain.com.au/sydney-to-hamilton/,2025-11-17
https://www.cartransport.movingagain.com.au/canberra-to-hamilton/,2025-11-17
https://www.cartransport.movingagain.com.au/melbourne-to-nairne/,2025-11-17
https://www.cartransport.movingagain.com.au/hobart-to-hamilton/,2025-11-17
https://www.cartransport.movingagain.com.au/blackwater-sydney/,2025-11-17
https://www.cartransport.movingagain.com.au/melbourne-to-stoneville/,2025-11-17
https://www.cartransport.movingagain.com.au/melbourne-to-leopold/,2025-11-17
https://www.cartransport.movingagain.com.au/brisbane-to-bridport/,2025-11-17
https://www.cartransport.movingagain.com.au/brisbane-to-beaconsfield/,2025-11-17
https://www.cartransport.movingagain.com.au/hobart-to-hahndorf/,2025-11-17
https://www.cartransport.movingagain.com.au/canberra-to-hahndorf/,2025-11-17
https://www.cartransport.movingagain.com.au/adelaide-to-bridport/,2025-11-17
https://www.cartransport.movingagain.com.au/hobart-to-leopold/,2025-11-17
https://www.cartransport.movingagain.com.au/darwin-to-leopold/,2025-11-17
https://www.cartransport.movingagain.com.au/gosford-mount-gambier/,2025-11-17
https://www.cartransport.movingagain.com.au/bunbury-mount-gambier/,2025-11-17
https://www.cartransport.movingagain.com.au/port-pirie-gladston/,2025-11-17
https://cartransport.movingagain.com.au/port-pirie-brisbane/,2025-11-17
https://www.cartransport.movingagain.com.au/darwin-to-mount-gambier/,2025-11-16
https://www.cartransport.movingagain.com.au/melbourne-to-hahndorf/,2025-11-16
https://www.cartransport.movingagain.com.au/blackwater-tamworth/,2025-11-16
https://www.cartransport.movingagain.com.au/airlie-beach-tamworth/,2025-11-16
https://www.cartransport.movingagain.com.au/atherton-hobart/,2025-11-16
https://cartransport.movingagain.com.au/perth-to-bathurst/,2025-11-16
https://cartransport.movingagain.com.au/gosford-adelaide/,2025-11-16
https://www.cartransport.movingagain.com.au/sydney-to-somerset/,2025-11-16
https://www.cartransport.movingagain.com.au/adelaide-atherton/,2025-11-16
https://www.cartransport.movingagain.com.au/biloela-perth/,2025-11-16
https://www.cartransport.movingagain.com.au/airlie-beach-tennant-creek/,2025-11-16
https://cartransport.movingagain.com.au/canberra-to-hervey-bay/,2025-11-16
https://www.cartransport.movingagain.com.au/darwin-to-griffith/,2025-11-16
https://www.cartransport.movingagain.com.au/canberra-devonport/,2025-11-16
https://www.cartransport.movingagain.com.au/canberra-bunbury/,2025-11-16
https://www.cartransport.movingagain.com.au/tennant-creek-geraldton/,2025-11-16
https://www.cartransport.movingagain.com.au/tennant-creek-canberra/,2025-11-16
https://www.cartransport.movingagain.com.au/darwin-to-strathalbyn/,2025-11-16
https://cartransport.movingagain.com.au/hervey-bay-brisbane/,2025-11-16
https://www.cartransport.movingagain.com.au/port-pirie-charters-towers/,2025-11-16
https://www.cartransport.movingagain.com.au/hobart-to-strathalbyn/,2025-11-16
https://www.cartransport.movingagain.com.au/brisbane-to-strathalbyn/,2025-11-16
https://www.cartransport.movingagain.com.au/port-pirie-blackwater/,2025-11-16
https://www.cartransport.movingagain.com.au/kununurra-devonport/,2025-11-16
https://www.cartransport.movingagain.com.au/melbourne-to-strathalbyn/,2025-11-16
https://www.cartransport.movingagain.com.au/carnarvon-adelaide/,2025-11-16
https://www.cartransport.movingagain.com.au/port-pirie-gympie/,2025-11-16
https://www.cartransport.movingagain.com.au/adelaide-to-biloela/,2025-11-16
https://www.cartransport.movingagain.com.au/bowen-biloela/,2025-11-16
https://www.cartransport.movingagain.com.au/melbourne-to-angurugu/,2025-11-16
https://www.cartransport.movingagain.com.au/airlie-beach-broome/,2025-11-16
https://www.cartransport.movingagain.com.au/caloundra-blackwater/,2025-11-16
https://www.cartransport.movingagain.com.au/adelaide-to-carnarvon/,2025-11-16
https://www.cartransport.movingagain.com.au/karathha-burnie/,2025-11-16
https://www.cartransport.movingagain.com.au/atherton-port-hedland/,2025-11-16
https://www.cartransport.movingagain.com.au/alice-port-hedland/,2025-11-16
https://www.cartransport.movingagain.com.au/ayr-port-hedland/,2025-11-16
https://www.cartransport.movingagain.com.au/caloundra-cairns/,2025-11-16
https://www.cartransport.movingagain.com.au/gosford-townsville/,2025-11-16
https://www.cartransport.movingagain.com.au/kununurra-gympie/,2025-11-16
https://www.cartransport.movingagain.com.au/karathha-geraldton/,2025-11-16
https://www.cartransport.movingagain.com.au/geraldton-hervey-bay/,2025-11-16
https://www.cartransport.movingagain.com.au/kununurra-gold-coast/,2025-11-16
https://www.cartransport.movingagain.com.au/hobart-to-borroloola/,2025-11-16
https://www.cartransport.movingagain.com.au/atherton-devonport/,2025-11-16
https://www.cartransport.movingagain.com.au/karathha-darby/,2025-11-16
https://www.cartransport.movingagain.com.au/karathha-devonport/,2025-11-16
https://cartransport.movingagain.com.au/gold-coast-cairns/,2025-11-16
https://www.cartransport.movingagain.com.au/ayr-karathha/,2025-11-16
https://www.cartransport.movingagain.com.au/adelaide-to-townsville/,2025-11-16
https://www.cartransport.movingagain.com.au/karathha-carnarvon/,2025-11-16
https://www.cartransport.movingagain.com.au/karathha-broome/,2025-11-16
https://www.cartransport.movingagain.com.au/bowen-karathha/,2025-11-16
https://www.cartransport.movingagain.com.au/blackwater-karathha/,2025-11-16
https://www.cartransport.movingagain.com.au/newcastle-broome/,2025-11-16
https://www.cartransport.movingagain.com.au/tennant-creek-devonport/,2025-11-16
https://www.cartransport.movingagain.com.au/newcastle-devonport/,2025-11-16
https://www.cartransport.movingagain.com.au/biloela-karathha/,2025-11-16
https://www.cartransport.movingagain.com.au/sydney-to-redcliffe/,2025-11-16
https://www.cartransport.movingagain.com.au/newcastle-bunbury/,2025-11-16
https://www.cartransport.movingagain.com.au/newcastle-coffs-harbour/,2025-11-16
https://www.cartransport.movingagain.com.au/karathha-townsville/,2025-11-16
https://www.cartransport.movingagain.com.au/bundaberg-canberra/,2025-11-16
https://www.cartransport.movingagain.com.au/carnarvon-cairns/,2025-11-16
https://movingagain.com.au/cairns-bendigo/,2025-11-16
https://www.cartransport.movingagain.com.au/alice-perth/,2025-11-16
https://www.cartransport.movingagain.com.au/sydney-to-aldinga-beach/,2025-11-16
https://www.cartransport.movingagain.com.au/canberra-to-aldinga-beach/,2025-11-16
https://www.cartransport.movingagain.com.au/rockhampton-bowen/,2025-11-16
https://www.cartransport.movingagain.com.au/rockhampton-atherton/,2025-11-16
https://www.cartransport.movingagain.com.au/moving-cars/page/20/,2025-11-16
https://www.cartransport.movingagain.com.au/canberra-to-charters-towers/,2025-11-16
https://www.cartransport.movingagain.com.au/brisbane-tamworth/,2025-11-16
https://www.cartransport.movingagain.com.au/rockhampton-gympie/,2025-11-16
https://www.cartransport.movingagain.com.au/adelaide-to-aldinga-beach/,2025-11-16
https://www.cartransport.movingagain.com.au/adelaide-to-balaklava/,2025-11-16
https://cartransport.movingagain.com.au/melbourne-to-esperance/,2025-11-16
https://www.cartransport.movingagain.com.au/melbourne-to-tweed-heads/,2025-11-16
https://www.cartransport.movingagain.com.au/darwin-to-tweed-heads/,2025-11-16
https://cartransport.movingagain.com.au/darwin-to-burnie/,2025-11-16
https://cartransport.movingagain.com.au/airlie-beach-newcastle/,2025-11-16
https://www.cartransport.movingagain.com.au/biloela-hobart/,2025-11-16
https://www.cartransport.movingagain.com.au/bowen-airlie-beach/,2025-11-16
https://www.cartransport.movingagain.com.au/bowen-devonport/,2025-11-16
https://www.cartransport.movingagain.com.au/bowen-gosford/,2025-11-16
https://www.cartransport.movingagain.com.au/darwin-to-casino/,2025-11-16
https://www.cartransport.movingagain.com.au/sydney-to-borroloola/,2025-11-16
https://www.cartransport.movingagain.com.au/gold-coast-alice/,2025-11-16
https://www.cartransport.movingagain.com.au/charters-towers-caloundra/,2025-11-16
https://www.cartransport.movingagain.com.au/canberra-to-lithgow/,2025-11-16
https://www.cartransport.movingagain.com.au/adelaide-to-gympie/,2025-11-16
https://www.cartransport.movingagain.com.au/darby-mount-isa/,2025-11-16
https://www.cartransport.movingagain.com.au/canberra-to-grafton/,2025-11-16
https://www.cartransport.movingagain.com.au/burnie-mount-isa/,2025-11-16
https://www.cartransport.movingagain.com.au/adelaide-to-mount-isa/,2025-11-16
https://www.cartransport.movingagain.com.au/darwin-to-alpurrurulam/,2025-11-16
https://www.cartransport.movingagain.com.au/devonport-maroochydore/,2025-11-16
https://cartransport.movingagain.com.au/adelaide-to-wyong/,2025-11-16
https://www.cartransport.movingagain.com.au/canberra-to-bordertown/,2025-11-16
https://www.cartransport.movingagain.com.au/sydney-to-clare/,2025-11-16
https://www.cartransport.movingagain.com.au/sydney-to-kambalda-west/,2025-11-16
https://cartransport.movingagain.com.au/adelaide-gold-coast/,2025-11-16
https://www.cartransport.movingagain.com.au/brisbane-to-bridgetown/,2025-11-16
https://www.cartransport.movingagain.com.au/sydney-to-millicent/,2025-11-16
https://www.cartransport.movingagain.com.au/brisbane-to-millicent/,2025-11-16
https://www.cartransport.movingagain.com.au/brisbane-to-bordertown/,2025-11-16
https://www.cartransport.movingagain.com.au/melbourne-to-bordertown/,2025-11-16
https://www.cartransport.movingagain.com.au/adelaide-to-clare/,2025-11-16
https://www.cartransport.movingagain.com.au/adelaide-mount-isa/,2025-11-16
https://www.cartransport.movingagain.com.au/darwin-to-nowra/,2025-11-16
https://www.cartransport.movingagain.com.au/moving-cars/page/11/,2025-11-16
https://www.cartransport.movingagain.com.au/moving-cars/page/125/,2025-11-16
https://www.cartransport.movingagain.com.au/moving-cars/page/63/,2025-11-16
https://www.cartransport.movingagain.com.au/moving-cars/page/28/,2025-11-16
https://www.cartransport.movingagain.com.au/bundaberg-ayr/,2025-11-16
https://www.cartransport.movingagain.com.au/biloela-tamworth/,2025-11-16
https://www.cartransport.movingagain.com.au/canberra-to-alpurrurulam/,2025-11-16
https://www.cartransport.movingagain.com.au/adelaide-maroochydore/,2025-11-16
https://www.cartransport.movingagain.com.au/coffs-harbour-maroochydore/,2025-11-16
https://www.cartransport.movingagain.com.au/ayr-atherton/,2025-11-16
https://www.cartransport.movingagain.com.au/blackwater-biloela/,2025-11-16
https://www.cartransport.movingagain.com.au/melbourne-to-alpurrurulam/,2025-11-16
https://www.cartransport.movingagain.com.au/darby-maroochydore/,2025-11-16
https://www.cartransport.movingagain.com.au/caloundra-darby/,2025-11-16
https://www.cartransport.movingagain.com.au/brisbane-to-derby/,2025-11-16
https://www.cartransport.movingagain.com.au/biloela-broome/,2025-11-16
https://movingagain.com.au/rockingham-mackay/,2025-11-16
https://www.cartransport.movingagain.com.au/alice-carnarvon/,2025-11-16
https://www.cartransport.movingagain.com.au/darwin-carnarvon/,2025-11-16
https://www.cartransport.movingagain.com.au/geraldton-carnarvon/,2025-11-16
https://www.cartransport.movingagain.com.au/gosford-darby/,2025-11-16
https://www.cartransport.movingagain.com.au/gosford-broome/,2025-11-16
https://www.cartransport.movingagain.com.au/canberra-to-blackwater/,2025-11-16
https://www.cartransport.movingagain.com.au/gosford-carnarvon/,2025-11-16
https://www.cartransport.movingagain.com.au/devonport-burnie/,2025-11-16
https://www.cartransport.movingagain.com.au/hobart-emerald/,2025-11-16
https://www.cartransport.movingagain.com.au/coffs-harbour-hobart/,2025-11-16
https://www.cartransport.movingagain.com.au/blackwater-port-hedland/,2025-11-16
https://www.cartransport.movingagain.com.au/airlie-beach-port-hedland/,2025-11-16
https://www.cartransport.movingagain.com.au/biloela-port-hedland/,2025-11-16
https://www.cartransport.movingagain.com.au/coffs-harbour-kalgoorlie/,2025-11-16
https://www.cartransport.movingagain.com.au/darwin-to-broken-hill/,2025-11-16
https://www.cartransport.movingagain.com.au/carnarvon-caloundra/,2025-11-16
https://www.cartransport.movingagain.com.au/gladston-biloela/,2025-11-16
https://www.cartransport.movingagain.com.au/gladston-cairns/,2025-11-16
https://www.cartransport.movingagain.com.au/emerald-airlie-beach/,2025-11-16
https://www.cartransport.movingagain.com.au/gladston-canberra/,2025-11-16
https://www.cartransport.movingagain.com.au/gladston-airlie-beach/,2025-11-16
https://www.cartransport.movingagain.com.au/moving-cars/page/2/,2025-11-16
https://www.cartransport.movingagain.com.au/gladston-bowen/,2025-11-16
https://www.cartransport.movingagain.com.au/darby-charters-towers/,2025-11-16
https://www.cartransport.movingagain.com.au/gladston-charters-towers/,2025-11-16
https://www.cartransport.movingagain.com.au/burnie-charters-towers/,2025-11-16
https://movingagain.com.au/hobart-brisbane/,2025-11-16
https://www.cartransport.movingagain.com.au/blackwater-kalgoorlie/,2025-11-16
https://www.cartransport.movingagain.com.au/blackwater-kununurra/,2025-11-16
https://www.cartransport.movingagain.com.au/broome-toowoomba/,2025-11-16
https://movingagain.com.au/toowoomba-mandurah/,2025-11-16
https://www.cartransport.movingagain.com.au/canberra-to-port-augusta/,2025-11-16
https://www.cartransport.movingagain.com.au/hervey-bay-blackwater/,2025-11-16
https://www.cartransport.movingagain.com.au/bunbury-hervey-bay/,2025-11-16
https://www.cartransport.movingagain.com.au/darwin-to-bowral/,2025-11-16
https://www.cartransport.movingagain.com.au/canberra-to-mackay/,2025-11-16
https://www.cartransport.movingagain.com.au/adelaide-mackay/,2025-11-16
https://www.cartransport.movingagain.com.au/bunbury-mackay/,2025-11-16
https://www.cartransport.movingagain.com.au/bunbury-mareeba/,2025-11-16
https://www.cartransport.movingagain.com.au/devonport-mackay/,2025-11-16
https://www.cartransport.movingagain.com.au/coffs-harbour-port-augusta/,2025-11-16
https://www.cartransport.movingagain.com.au/carnarvon-port-augusta/,2025-11-16
https://www.cartransport.movingagain.com.au/gympie-ayr/,2025-11-16
https://www.cartransport.movingagain.com.au/bunbury-port-augusta/,2025-11-16
https://www.cartransport.movingagain.com.au/bunbury-gold-coast/,2025-11-16
https://www.cartransport.movingagain.com.au/darwin-to-bathurst/,2025-11-16
https://www.cartransport.movingagain.com.au/hobart-to-bathurst/,2025-11-16
https://www.cartransport.movingagain.com.au/hobart-to-murray-bridge/,2025-11-16
https://www.cartransport.movingagain.com.au/gympie-bundaberg/,2025-11-16
https://www.cartransport.movingagain.com.au/geraldton-devonport/,2025-11-16
https://www.cartransport.movingagain.com.au/gympie-biloela/,2025-11-16
https://www.cartransport.movingagain.com.au/canberra-to-geraldton/,2025-11-16
https://www.cartransport.movingagain.com.au/gympie-alice/,2025-11-16
https://www.cartransport.movingagain.com.au/brisbane-geraldton/,2025-11-16
https://www.cartransport.movingagain.com.au/carnarvon-moranbah/,2025-11-16
https://www.cartransport.movingagain.com.au/devonport-gold-coast/,2025-11-16
https://www.cartransport.movingagain.com.au/canberra-moranbah/,2025-11-16
https://www.cartransport.movingagain.com.au/atherton-geraldton/,2025-11-16
https://www.cartransport.movingagain.com.au/darwin-to-benalla/,2025-11-16
https://www.cartransport.movingagain.com.au/canberra-to-maryborough/,2025-11-16
https://www.cartransport.movingagain.com.au/charters-towers-bowen/,2025-11-16
https://www.cartransport.movingagain.com.au/perth-to-benalla/,2025-11-16
https://www.cartransport.movingagain.com.au/broome-gympie/,2025-11-16
https://www.cartransport.movingagain.com.au/devonport-cairns/,2025-11-16
https://movingagain.com.au/brisbane-toowoomba/,2025-11-16
https://www.cartransport.movingagain.com.au/adelaide-to-devonport/,2025-11-16
https://www.cartransport.movingagain.com.au/emerald-ayr/,2025-11-16
https://www.cartransport.movingagain.com.au/atherton-newcastle/,2025-11-16
https://www.cartransport.movingagain.com.au/canberra-to-ocean-grove-barwon-heads/,2025-11-16
https://www.cartransport.movingagain.com.au/gold-coast-blackwater/,2025-11-16
https://www.cartransport.movingagain.com.au/charters-towers-cairns/,2025-11-16
https://www.cartransport.movingagain.com.au/gold-coast-gladston/,2025-11-16
https://www.cartransport.movingagain.com.au/emerald-caloundra/,2025-11-16
https://www.cartransport.movingagain.com.au/carnarvon-devonport/,2025-11-16
https://www.cartransport.movingagain.com.au/adelaide-toowoomba/,2025-11-16
https://www.cartransport.movingagain.com.au/hobart-to-waroona/,2025-11-16
https://www.cartransport.movingagain.com.au/darwin-to-gympie/,2025-11-16
https://www.cartransport.movingagain.com.au/canberra-toowoomba/,2025-11-16
https://www.cartransport.movingagain.com.au/broome-mareeba/,2025-11-16
https://www.cartransport.movingagain.com.au/carnarvon-port-lincoln/,2025-11-16
https://www.cartransport.movingagain.com.au/bunbury-gympie/,2025-11-16
https://www.cartransport.movingagain.com.au/hobart-to-sunshine-coast/,2025-11-16
https://www.cartransport.movingagain.com.au/brisbane-to-benalla/,2025-11-16
https://www.cartransport.movingagain.com.au/canberra-to-gladstone/,2025-11-16
https://www.cartransport.movingagain.com.au/sydney-to-benalla/,2025-11-16
https://www.cartransport.movingagain.com.au/melbourne-to-benalla/,2025-11-16
https://www.cartransport.movingagain.com.au/adelaide-moranbah/,2025-11-16
https://www.cartransport.movingagain.com.au/darwin-to-murray-bridge/,2025-11-16
https://www.cartransport.movingagain.com.au/darwin-to-charters-towers/,2025-11-16
https://www.cartransport.movingagain.com.au/burnie-port-lincoln/,2025-11-16
https://www.cartransport.movingagain.com.au/airlie-beach-kununurra/,2025-11-16
https://www.cartransport.movingagain.com.au/coffs-harbour-maryborough/,2025-11-16
https://www.cartransport.movingagain.com.au/atherton-kununurra/,2025-11-16
https://www.cartransport.movingagain.com.au/cairns-blackwater/,2025-11-16
https://www.cartransport.movingagain.com.au/carnarvon-toowoomba/,2025-11-16
https://www.cartransport.movingagain.com.au/airlie-beach-port-lincoln/,2025-11-16
https://www.cartransport.movingagain.com.au/bunbury-port-lincoln/,2025-11-16
https://www.cartransport.movingagain.com.au/blackwater-bowen/,2025-11-16
https://www.cartransport.movingagain.com.au/perth-port-lincoln/,2025-11-16
https://www.cartransport.movingagain.com.au/adelaide-to-gosford/,2025-11-16
https://www.cartransport.movingagain.com.au/atherton-canberra/,2025-11-16
https://movingagain.com.au/cairns-gold-coast/,2025-11-16
https://www.cartransport.movingagain.com.au/airlie-beach-canberra/,2025-11-16
https://www.cartransport.movingagain.com.au/perth-to-swan-hill/,2025-11-16
https://www.cartransport.movingagain.com.au/devonport-bowen/,2025-11-16
https://www.cartransport.movingagain.com.au/canberra-to-moranbah/,2025-11-16
https://www.cartransport.movingagain.com.au/canberra-maryborough/,2025-11-16
https://www.cartransport.movingagain.com.au/bundaberg-bowen/,2025-11-16
https://www.cartransport.movingagain.com.au/atherton-airlie-beach/,2025-11-16
https://www.cartransport.movingagain.com.au/burnie-mareeba/,2025-11-16
https://www.cartransport.movingagain.com.au/caloundra-bundaberg/,2025-11-16
https://www.cartransport.movingagain.com.au/caloundra-canberra/,2025-11-16
https://www.cartransport.movingagain.com.au/carnarvon-hobart/,2025-11-16
https://www.cartransport.movingagain.com.au/darwin-to-waroona/,2025-11-16
https://www.cartransport.movingagain.com.au/hervey-bay-atherton/,2025-11-16
https://www.cartransport.movingagain.com.au/carnarvon-emerald/,2025-11-16
https://www.cartransport.movingagain.com.au/darby-emerald/,2025-11-16
https://www.cartransport.movingagain.com.au/blackwater-wagga/,2025-11-16
https://cartransport.movingagain.com.au/sydney-to-batemans-bay/,2025-11-16
https://www.cartransport.movingagain.com.au/bunbury-emerald/,2025-11-16
https://www.cartransport.movingagain.com.au/bunbury-caloundra/,2025-11-16
https://www.cartransport.movingagain.com.au/moving-cars/page/79/,2025-11-16
https://www.cartransport.movingagain.com.au/adelaide-to-bathurst/,2025-11-16
https://www.cartransport.movingagain.com.au/bunbury-adelaide/,2025-11-16
https://www.cartransport.movingagain.com.au/kalgoorlie-gladston/,2025-11-16
https://www.cartransport.movingagain.com.au/hervey-bay-gladston/,2025-11-16
https://www.cartransport.movingagain.com.au/broome-gladston/,2025-11-16
https://www.cartransport.movingagain.com.au/broome-charters-towers/,2025-11-16
https://www.cartransport.movingagain.com.au/biloela-katherine/,2025-11-16
https://www.cartransport.movingagain.com.au/atherton-katherine/,2025-11-16
https://www.cartransport.movingagain.com.au/moving-cars/page/101/,2025-11-16
https://www.cartransport.movingagain.com.au/blackwater-darby/,2025-11-16
https://www.cartransport.movingagain.com.au/caloundra-kalgoorlie/,2025-11-16
https://www.cartransport.movingagain.com.au/cairns-canberra/,2025-11-16
https://www.cartransport.movingagain.com.au/adelaide-katherine/,2025-11-16
https://www.cartransport.movingagain.com.au/biloela-coffs-harbour/,2025-11-16
https://www.cartransport.movingagain.com.au/biloela-kalgoorlie/,2025-11-16
https://www.cartransport.movingagain.com.au/biloela-gosford/,2025-11-16
https://cartransport.movingagain.com.au/ayr-yeppoon/,2025-11-16
https://cartransport.movingagain.com.au/melbourne-to-port-augusta/,2025-11-16
https://www.cartransport.movingagain.com.au/cairns-alice/,2025-11-16
https://cartransport.movingagain.com.au/adelaide-to-shepparton/,2025-11-16
https://www.cartransport.movingagain.com.au/bundaberg-alice/,2025-11-15
https://cartransport.movingagain.com.au/townsville-gympie/,2025-11-15
https://movingagain.com.au/melbourne-canberra/,2025-11-15
https://movingagain.com.au/toowoomba-bundaberg/,2025-11-15
https://movingagain.com.au/privacy-policy/,2025-11-15
https://movingagain.com.au/sydney-canberra/,2025-11-15
https://movingagain.com.au/melbourne-gold-coast/,2025-11-15
https://movingagain.com.au/mackay-rockingham/,2025-11-15
https://movingagain.com.au/wollongong-melbourne/,2025-11-15
https://cartransport.movingagain.com.au/adelaide-to-loxton/,2025-11-15
https://movingagain.com.au/townsville-ballarat/,2025-11-15
https://movingagain.com.au/bundaberg-canberra/,2025-11-15
https://movingagain.com.au/launceston-hobart/,2025-11-15
https://movingagain.com.au/darwin-toowoomba/,2025-11-15
https://cartransport.movingagain.com.au/maryborough-gympie/,2025-11-15
https://cartransport.movingagain.com.au/perth-to-lakes-entrance/,2025-11-15
https://cartransport.movingagain.com.au/brisbane-to-horsham/,2025-11-14
https://cartransport.movingagain.com.au/adelaide-darwin/,2025-11-14
https://www.cartransport.movingagain.com.au/perth-to-wodonga/,2025-11-14
https://cartransport.movingagain.com.au/adelaide-to-queanbeyan/,2025-11-14
https://www.cartransport.movingagain.com.au/canberra-to-swan-hill/,2025-11-14
https://www.cartransport.movingagain.com.au/adelaide-to-waroona/,2025-11-14
https://www.cartransport.movingagain.com.au/canberra-to-wyong/,2025-11-14
https://www.cartransport.movingagain.com.au/airlie-beach-yeppoon/,2025-11-14
https://www.cartransport.movingagain.com.au/perth-to-gracemere/,2025-11-14
https://www.cartransport.movingagain.com.au/perth-to-bargara/,2025-11-14
https://www.cartransport.movingagain.com.au/brisbane-to-adelaide/,2025-11-14
https://movingagain.com.au/logan-city-wollongong/,2025-11-14
https://www.cartransport.movingagain.com.au/brisbane/,2025-11-14
https://www.cartransport.movingagain.com.au/canberra/,2025-11-14
https://www.cartransport.movingagain.com.au/atherton-wagga/,2025-11-14
https://www.cartransport.movingagain.com.au/darwin-to-blackwater/,2025-11-14
https://www.cartransport.movingagain.com.au/brisbane-to-ballarat/,2025-11-14
https://movingagain.com.au/mandurah-bunbury/,2025-11-14
https://www.cartransport.movingagain.com.au/canberra-to-griffith/,2025-11-14
https://www.cartransport.movingagain.com.au/darwin-burnie/,2025-11-14
https://www.cartransport.movingagain.com.au/canberra-carnarvon/,2025-11-14
https://www.cartransport.movingagain.com.au/canberra-darby/,2025-11-14
https://www.cartransport.movingagain.com.au/melbourne-to-batemans-bay/,2025-11-14
https://www.cartransport.movingagain.com.au/brisbane-to-bunbury/,2025-11-13
https://www.cartransport.movingagain.com.au/canberra-to-mareeba/,2025-11-13
https://www.cartransport.movingagain.com.au/ayr-tamworth/,2025-11-13
https://www.cartransport.movingagain.com.au/moving-cars/page/114/,2025-11-13
https://www.cartransport.movingagain.com.au/perth-to-bridport/,2025-11-13
https://www.cartransport.movingagain.com.au/adelaide-to-borroloola/,2025-11-13
https://www.cartransport.movingagain.com.au/melbourne-to-bridport/,2025-11-13
https://www.cartransport.movingagain.com.au/darwin-to-albany/,2025-11-13
https://www.cartransport.movingagain.com.au/alice-karathha/,2025-11-13
https://www.cartransport.movingagain.com.au/adelaide-to-barunga-bamyili/,2025-11-13
https://movingagain.com.au/newcastle-toowoomba/,2025-11-13
https://www.cartransport.movingagain.com.au/orange-hobart/,2025-11-13
https://www.cartransport.movingagain.com.au/brisbane-to-sunshine-coast/,2025-11-13
https://www.cartransport.movingagain.com.au/coffs-harbour-broome/,2025-11-13
https://www.cartransport.movingagain.com.au/moving-cars/page/100/,2025-11-13
https://www.cartransport.movingagain.com.au/brisbane-hobart/,2025-11-13
https://www.cartransport.movingagain.com.au/darwin-to-queanbeyan/,2025-11-13
https://movingagain.com.au/geelong-wollongong/,2025-11-13